{
    "type": "minecraft:crafting_shaped",
    "category": "misc",
    "key": {
      "#": "minecraft:amethyst_shard",
      "P": "minecraft:paper"
    },
    "pattern": [
        " # ",
        "#P#",
        " # "
    ],
    "result": {
      "count": 1,
      "id": "minecraft:command_block",
      "components": {
        "minecraft:rarity": "epic",
        "minecraft:max_stack_size": 1,
        "minecraft:enchantment_glint_override": true,
        "minecraft:item_model": "minecraft:paper",
        "minecraft:custom_name": {
          "text": "Enchantment Extractor",
          "italic": false
        },
        "minecraft:lore": [
          {
            "text": "Extracts enchantments from items in the smithing table",
            "italic": false,
            "color":"gray"
          }
        ]
      }
    }
  }